loadNeighborhoodsFromCsv,4,neig1
loadNeighborhoodsFromCsv,5,neig2
loadNeighborhoodsFromCsv,6,neig3
loadNeighborhoodsFromCsv,7,neig4
loadNeighborhoodsFromCsv,8,neig5
loadNeighborhoodsFromCsv,9,neig6
loadNeighborhoodsFromCsv,10,neig7
loadNeighborhoodsFromCsv,11,neig8
loadNeighborhoodsFromCsv,12,neig9
loadNeighborhoodsFromCsv,13,neig10
loadNeighborhoodsFromCsv,14,neig11
loadNeighborhoodsFromCsv,15,neig12
loadNeighborhoodsFromCsv,16,neig13
loadNeighborhoodsFromCsv,17,neig14
loadNeighborhoodsFromCsv,18,neig15
loadNeighborhoodsFromCsv,19,neig16
loadNeighborhoodsFromCsv,20,neig17
loadNeighborhoodsFromCsv,21,neig18
loadNeighborhoodsFromCsv,22,neig19
loadNeighborhoodsFromCsv,23,neig20
loadNeighborhoodsFromCsv,24,neig21
loadNeighborhoodsFromCsv,25,neig22
loadNeighborhoodsFromCsv,26,neig23
loadNeighborhoodsFromCsv,27,neig24
